width,height,iter,time
128,64,5,0.018784
128,128,5,0.021536
256,128,5,0.028608
256,256,5,0.041408
512,256,5,0.069088
512,512,5,0.121312
1024,512,5,0.22496
1024,1024,5,0.515776
2048,1024,5,0.948704
2048,2048,5,1.7959
4096,2048,5,4.25357
4096,4096,5,8.25997
8192,4096,5,17.2235
8192,8192,5,36.7199
16384,8192,5,70.6428
16384,16384,5,123.57
32768,16384,5,245.762
32768,32768,5,498.081
65536,32768,5,1116.16
